{
  "feature_cols": [
    "t_area_ha",
    "t_perimeter_m",
    "t_compactness",
    "t_n_vertices",
    "t_bbox_width_m",
    "t_bbox_height_m",
    "t_srtm_elev_mean_m",
    "t_srtm_elev_std_m",
    "t_srtm_slope_mean_deg",
    "t_srtm_slope_max_deg",
    "t_srtm_aspect_sin_mean",
    "t_srtm_aspect_cos_mean",
    "t_era5_fire_mean_temperature_2m",
    "t_era5_fire_mean_relative_humidity_2m",
    "t_era5_fire_mean_wind_speed_10m",
    "t_era5_fire_wind_dir_sin_mean",
    "t_era5_fire_wind_dir_cos_mean",
    "t_era5_fire_dryness_index",
    "t_firms_total_n_10km",
    "t_firms_viirs_frp_mean_10km"
  ],
  "medians": [
    0.6910981529994492,
    323.94463127920704,
    0.5532360208006633,
    8.0,
    119.52111999993213,
    92.25994855724275,
    51.789249420166016,
    1.6310119032859802,
    1.4696734547615051,
    2.3818519115448,
    -0.006797713227570057,
    0.06652156636118889,
    21.0424059263345,
    75.89066617638046,
    22.587290096218666,
    0.32297065081663295,
    0.026062625174999618,
    155.5488257853043,
    38.0,
    7.444999694824219
  ],
  "means": [
    41.806214775992295,
    1821.4417193244751,
    0.5950278456710774,
    44.90181818181818,
    466.9352410211572,
    446.1985233261639,
    71.1176571448644,
    2.7107113255334623,
    1.7666152335838838,
    2.816794338894613,
    -0.010614893883748939,
    0.05988496684938471,
    21.24595501588992,
    73.70839773617453,
    18.576926764859635,
    0.3209748832189242,
    0.03592913079429375,
    113.20860452047367,
    81.14787878787878,
    8.057698878374966
  ],
  "stds": [
    131.4770673955607,
    3721.961260951963,
    0.21092059547455122,
    106.34522996396291,
    713.1329838804938,
    729.8731217555994,
    60.678253657253926,
    4.438017735233795,
    1.3157030386897814,
    2.32273679331419,
    0.5668568357891502,
    0.5349656658439101,
    0.8795743991035357,
    4.603233165423489,
    4.785370367963197,
    0.04566479715727203,
    0.047561405250378025,
    100.5810232433563,
    107.5581193632308,
    3.025338001561498
  ]
}