{
  "0.2": {
    "split": "val_tau_0.2",
    "mask_iou": 0.5387573141757893,
    "mask_dice": 0.6614143979558896,
    "poly_iou": 0.4651242999322617,
    "poly_dice": 0.595543399893801,
    "area_err_ha": 40.861930529822516,
    "centroid_disp_m": 65.11302807688736,
    "perim_err_m": 1346.9291364503206,
    "pct_nonempty_pred_geom": 1.0,
    "n_valid": 159,
    "n_total": 159,
    "n_invalid_true": 0
  },
  "0.3": {
    "split": "val_tau_0.3",
    "mask_iou": 0.5512471237409485,
    "mask_dice": 0.6758031117395434,
    "poly_iou": 0.48274966074914766,
    "poly_dice": 0.6136091125974262,
    "area_err_ha": 36.544582014664265,
    "centroid_disp_m": 62.32630197737841,
    "perim_err_m": 1110.214332451465,
    "pct_nonempty_pred_geom": 1.0,
    "n_valid": 159,
    "n_total": 159,
    "n_invalid_true": 0
  },
  "0.4": {
    "split": "val_tau_0.4",
    "mask_iou": 0.5641717652311182,
    "mask_dice": 0.6849881675676807,
    "poly_iou": 0.5018444081210811,
    "poly_dice": 0.6290543173491289,
    "area_err_ha": 34.092475158534384,
    "centroid_disp_m": 61.24244732474511,
    "perim_err_m": 1037.3664216357777,
    "pct_nonempty_pred_geom": 1.0,
    "n_valid": 159,
    "n_total": 159,
    "n_invalid_true": 0
  },
  "0.5": {
    "split": "val_tau_0.5",
    "mask_iou": 0.5686660516423807,
    "mask_dice": 0.688265141617994,
    "poly_iou": 0.5128800141743282,
    "poly_dice": 0.6376950697753275,
    "area_err_ha": 31.826639298612424,
    "centroid_disp_m": 60.73147107539438,
    "perim_err_m": 1020.7419658699553,
    "pct_nonempty_pred_geom": 1.0,
    "n_valid": 159,
    "n_total": 159,
    "n_invalid_true": 0
  },
  "0.6": {
    "split": "val_tau_0.6",
    "mask_iou": 0.5600559263255672,
    "mask_dice": 0.6792994549026555,
    "poly_iou": 0.512567828975533,
    "poly_dice": 0.6356795544749186,
    "area_err_ha": 30.36701660004072,
    "centroid_disp_m": 61.41659200889159,
    "perim_err_m": 1025.0650541499665,
    "pct_nonempty_pred_geom": 1.0,
    "n_valid": 159,
    "n_total": 159,
    "n_invalid_true": 0
  },
  "0.7": {
    "split": "val_tau_0.7",
    "mask_iou": 0.538294551259023,
    "mask_dice": 0.6597566489430537,
    "poly_iou": 0.4991352548864237,
    "poly_dice": 0.6232457785119674,
    "area_err_ha": 28.973014340362266,
    "centroid_disp_m": 62.192705117115594,
    "perim_err_m": 1043.1551250927391,
    "pct_nonempty_pred_geom": 1.0,
    "n_valid": 159,
    "n_total": 159,
    "n_invalid_true": 0
  }
}